Tên ngành,Mã ngành,Tổ hợp môn,2024,2023,2022,2021,2020,2019,2018,2017
Báo chí,7320101,C00,28.8,28.0,28.25,27.8,27.5,24.7,24.6,27.25
Báo chí,7320101,D01,26.7,26.71,27.0,27.1,26.15,24.1,22.6,25.5
Báo chí,7320101,D14,27.4,26.81,27.15,27.2,26.15,24.1,22.6,25.5
Báo chí,7320101_CLC,C00,27.73,27.5,27.5,26.8,26.8,23.3,,
Báo chí,7320101_CLC,D01,26.35,26.13,25.3,26.6,25.4,23.3,,
Báo chí,7320101_CLC,D14,27.1,26.13,27.15,26.8,25.4,23.3,,
Công tác xã hội,7760101,C00,27.15,24.7,22.6,24.3,22.8,20.8,20.0,24.5
Công tác xã hội,7760101,D01,24.49,23.6,21.75,24.0,22.0,20.8,19.0,22.5
Công tác xã hội,7760101,D14,24.9,23.6,21.75,24.0,22.0,20.0,19.0,22.5
Công tác xã hội,7760101,D15,25.3,23.6,21.75,,,,,
Du lịch,7810101,C00,,,,,,,24.9,0.0
Du lịch,7810101,D01,,,,,,,,0.0
Du lịch,7810101,D14,,,,,,,,0.0
Giáo dục học,7140101,B00,24.0,23.0,22.8,22.6,21.5,19.0,17.8,19.75
Giáo dục học,7140101,C00,26.6,24.1,23.6,23.2,22.15,19.0,19.8,21.75
Giáo dục học,7140101,C01,23.9,23.1,,23.2,22.15,19.0,17.8,19.75
Giáo dục học,7140101,D01,23.9,23.0,22.8,23.0,21.5,19.0,17.8,19.75
Hàn Quốc học,7310614,D01,26.36,25.12,25.45,26.25,25.2,23.45,22.25,25.0
Hàn Quốc học,7310614,D14,25.9,25.12,25.45,26.45,25.2,23.45,22.25,25.0
Hàn Quốc học,7310614,DD2,25.0,25.0,25.45,26.0,,,,
Hàn Quốc học,7310614,DH5,25.0,25.0,,26.0,,,,
Kinh doanh thương mại Hàn Quốc,73106a1,D01,26.36,,,,,,,
Kinh doanh thương mại Hàn Quốc,73106a1,D14,26.96,,,,,,,
Kinh doanh thương mại Hàn Quốc,73106a1,DD2,24.0,,,,,,,
Kinh doanh thương mại Hàn Quốc,73106a1,DH5,25.0,,,,,,,
Lưu trữ học,7320303,C00,26.98,23.75,21.75,24.8,24.25,20.5,20.25,0.0
Lưu trữ học,7320303,D01,24.4,22.1,21.25,24.2,22.75,20.5,19.25,0.0
Lưu trữ học,7320303,D14,24.5,22.1,21.25,24.2,22.75,20.5,19.25,0.0
Lưu trữ học,7320303,D15,24.85,22.1,21.25,,,,,
Lịch sử,7229010,C00,26.8,26.0,24.6,24.1,22.5,21.3,19.1,22.5
Lịch sử,7229010,D01,25.0,24.0,24.1,24.0,22.0,21.3,18.1,20.25
Lịch sử,7229010,D14,24.7,24.25,24.1,24.0,22.0,21.3,18.1,20.25
Lịch sử,7229010,D15,25.0,24.0,24.1,,,,,
Nghê thuật học,7210213,C00,28.15,,,,,,,
Nghê thuật học,7210213,D01,25.8,,,,,,,
Nghê thuật học,7210213,D14,26.75,,,,,,,
Ngôn ngữ Anh,7220201,D01,26.27,26.0,26.3,27.2,26.17,25.0,23.2,26.25
Ngôn ngữ Anh,7220201_CLC,D01,25.68,25.32,25.45,26.7,25.65,24.5,,
Ngôn ngữ Anh,Chương trình liên kết 2+2,D01,,,21.0,,,,,
Ngôn ngữ Anh,Chương trình liên kết 2+2,D14,,,21.0,,,,,
Ngôn ngữ Anh,Chương trình liên kết 2+2,D15,,,21.0,,,,,
Ngôn ngữ Italia,7220208,D01,22.8,22.56,20.0,24.5,21.5,20.0,18.8,21.0
Ngôn ngữ Italia,7220208,D03,22.2,22.4,20.0,24.5,21.5,20.0,18.8,21.0
Ngôn ngữ Italia,7220208,D05,22.2,22.4,20.0,24.5,21.5,20.0,18.8,21.0
Ngôn ngữ Nga,7220202,D01,22.95,22.2,20.25,23.95,20.0,19.8,18.1,19.5
Ngôn ngữ Nga,7220202,D02,22.5,22.2,20.25,23.95,20.0,19.8,18.1,19.5
Ngôn ngữ Pháp,7220203,D01,24.4,23.6,23.4,25.5,23.2,,20.6,23.25
Ngôn ngữ Pháp,7220203,D01/D03,,,,,,21.7,,
Ngôn ngữ Pháp,7220203,D03,23.7,23.2,23.0,25.1,22.75,,20.6,23.25
Ngôn ngữ Trung Quốc,7220204,D01,25.78,25.8,25.4,27.0,25.2,23.6,22.03,24.25
Ngôn ngữ Trung Quốc,7220204,D04,25.3,25.8,25.9,26.8,25.2,23.6,22.03,24.25
Ngôn ngữ Trung Quốc,7220204_CLC,D01,25.08,24.5,24.25,26.3,24.0,,,
Ngôn ngữ Trung Quốc,7220204_CLC,D04,24.5,24.8,24.5,26.2,24.0,,,
Ngôn ngữ Trung Quốc,Chương trình liên kết 2+2,D01,,,21.0,,,,,
Ngôn ngữ Trung Quốc,Chương trình liên kết 2+2,D04,,,21.0,,,,,
Ngôn ngữ Trung Quốc,Chương trình liên kết 2+2,D14,,,21.0,,,,,
Ngôn ngữ Trung Quốc,Chương trình liên kết 2+2,D15,,,21.0,,,,,
Ngôn ngữ Trung Quốc,Chương trình liên kết 2+2,D83,,,21.0,,,,,
Ngôn ngữ Trung Quốc,Chương trình liên kết 2+2,D95,,,21.0,,,,,
Ngôn ngữ Tây Ban Nha,7220206,D01,24.48,24.31,22.5,25.3,22.5,21.9,19.3,23.25
Ngôn ngữ Tây Ban Nha,7220206,D03,22.5,23.1,22.5,25.3,22.5,21.9,19.3,23.25
Ngôn ngữ Tây Ban Nha,7220206,D05,22.5,23.1,22.5,25.3,22.5,21.9,19.3,23.25
Ngôn ngữ học,7229020,C00,27.1,25.5,25.5,25.2,24.3,21.7,22.0,
Ngôn ngữ học,7229020,D01,24.8,24.8,24.35,25.0,23.5,21.7,21.0,
Ngôn ngữ học,7229020,D14,25.6,24.8,24.35,25.0,23.5,21.7,21.0,
Ngôn ngữ học,Ngôn ngữ học,C00,,,,,,,,25.0
Ngôn ngữ học,Ngôn ngữ học,D01,,,,,,,,23.0
Ngôn ngữ học,Ngôn ngữ học,D14,,,,,,,,23.0
Ngôn ngữ Đức,7220205,D01,25.33,24.31,23.5,25.6,23.0,22.5,20.2,23.0
Ngôn ngữ Đức,7220205,D05,23.7,23.7,23.0,24.0,22.0,20.25,20.2,21.0
Ngôn ngữ Đức,7220205_CLC,D01,24.15,23.4,21.75,25.6,,,,
Ngôn ngữ Đức,7220205_CLC,D05,22.9,22.05,21.5,24.0,,,,
Nhân học,7310302,C00,27.95,24.7,21.25,24.7,22.25,20.3,19.75,22.25
Nhân học,7310302,D01,25.65,24.0,21.0,24.3,21.75,20.3,18.75,20.25
Nhân học,7310302,D14,25.51,24.0,21.0,24.5,24.5,20.3,18.75,20.25
Nhân học,7310302,D15,25.58,24.0,21.0,,,,,
Nhật Bản học,7310613,D01,25.3,25.2,25.9,26.0,25.65,23.61,22.6,25.5
Nhật Bản học,7310613,D06,25.0,25.0,25.45,25.9,25.2,23.61,22.6,25.5
Nhật Bản học,7310613,D14,26.0,25.2,26.0,26.1,25.2,23.61,22.6,25.5
Nhật Bản học,7310613,D63,25.0,25.0,25.45,,,,,
Nhật Bản học,7310613_CLC,D01,23.3,23.5,23.4,23.4,25.0,23.3,,
Nhật Bản học,7310613_CLC,D06,23.1,23.4,23.4,25.2,24.5,23.3,,
Nhật Bản học,7310613_CLC,D14,,23.5,24.4,,24.5,23.3,,
Nhật Bản học,7310613_CLC,D63,23.1,23.4,23.4,23.4,,,,
Quan hệ quốc tế,7310206,D01,26.5,26.63,26.2,26.7,26.0,24.3,22.6,
Quan hệ quốc tế,7310206,D14,27.15,26.63,26.6,26.9,25.6,24.3,22.6,25.5
Quan hệ quốc tế,7310206_CLC,D01,25.8,25.9,25.3,26.3,25.7,24.3,,
Quan hệ quốc tế,7310206_CLC,D14,26.4,25.9,25.6,26.6,25.6,24.3,,
Quan hệ quốc tế,Chương trình liên kết 2+2,D01,,,21.0,,,,,
Quan hệ quốc tế,Chương trình liên kết 2+2,D14,,,21.0,,,,,
Quan hệ quốc tế,Quan hệ quốc tế,D01,,,,,,,,25.25
Quản lý giáo dục,7140114,A01,24.0,23.5,23.0,21.0,,,,
Quản lý giáo dục,7140114,C00,26.9,24.5,24.0,21.0,,,,
Quản lý giáo dục,7140114,D01,24.4,23.5,23.0,21.0,,,,
Quản lý giáo dục,7140114,D14,24.7,23.5,23.0,21.0,,,,
Quản lý thông tin,73202025,D14,25.48,,,,,,,
Quản lý thông tin,7320205,A01,24.4,24.0,25.0,25.5,23.75,,,
Quản lý thông tin,7320205,C00,27.7,25.7,26.75,26.0,25.4,21.0,,
Quản lý thông tin,7320205,D01,23.3,24.3,24.5,25.5,23.75,21.0,,
Quản lý thông tin,7320205,D14,,24.3,25.0,25.5,23.75,21.0,,
Quản trị dịch vụ du lịch và lữ hành,7810103,C00,28.33,27.4,27.6,27.0,27.3,25.5,0.0,
Quản trị dịch vụ du lịch và lữ hành,7810103,D01,25.8,25.8,25.6,26.6,26.25,24.5,0.0,
Quản trị dịch vụ du lịch và lữ hành,7810103,D14,26.47,25.8,25.8,26.8,26.25,24.5,,
Quản trị dịch vụ du lịch và lữ hành,7810103,D15,26.75,25.8,25.6,,,,,
Quản trị dịch vụ du lịch và lữ hành,7810103_CLC,C00,27.0,25.5,25.0,25.4,25.55,22.85,0.0,
Quản trị dịch vụ du lịch và lữ hành,7810103_CLC,D01,25.1,24.5,24.0,25.3,25.0,22.85,0.0,
Quản trị dịch vụ du lịch và lữ hành,7810103_CLC,D14,25.6,24.5,24.2,25.3,25.0,22.85,,
Quản trị dịch vụ du lịch và lữ hành,7810103_CLC,D15,25.7,24.5,24.2,,,,,
Quản trị văn phòng,7340406,C00,27.7,25.8,26.75,26.9,26.0,,,
Quản trị văn phòng,7340406,D01,25.1,24.3,25.05,26.2,24.5,,,
Quản trị văn phòng,7340406,D14,25.8,24.3,25.05,26.2,24.5,,,
Thông tin - thư viện,7320201,A01,23.0,22.0,21.75,23.0,21.0,19.5,16.5,21.0
Thông tin - thư viện,7320201,C00,26.6,23.5,23.5,23.6,21.25,19.5,17.0,23.0
Thông tin - thư viện,7320201,D01,23.3,22.1,21.75,23.0,21.0,19.5,16.5,21.0
Thông tin - thư viện,7320201,D14,23.3,22.1,21.75,23.0,21.0,19.5,16.5,21.0
Triết học,7229001,A01,22.5,23.5,23.0,23.4,21.25,19.5,17.25,20.5
Triết học,7229001,C00,26.8,24.7,24.0,23.7,21.75,19.5,19.25,21.5
Triết học,7229001,D01,24.5,23.5,23.0,23.4,21.25,19.5,17.25,20.5
Triết học,7229001,D14,24.7,23.5,23.0,23.4,21.25,19.5,17.25,20.5
Truyền thông đa phương tiện,7320104,D01,27.1,27.2,27.15,27.7,27.0,24.3,,
Truyền thông đa phương tiện,7320104,D14,27.87,27.25,27.55,27.9,26.25,24.3,,
Truyền thông đa phương tiện,7320104,D15,27.87,27.25,27.55,27.9,26.25,24.3,,
Truyền thông đa phương tiện,Chương trình liên kết 2+2,A01,,,21.0,,,,,
Truyền thông đa phương tiện,Chương trình liên kết 2+2,D01,,,21.0,,,,,
Truyền thông đa phương tiện,Chương trình liên kết 2+2,D14,,,21.0,,,,,
Truyền thông đa phương tiện,Chương trình liên kết 2+2,D15,,,21.0,,,,,
Tâm lý học,7310401,B00,25.9,26.07,25.8,26.2,25.9,23.78,22.2,25.0
Tâm lý học,7310401,C00,28.3,27.0,26.9,26.6,26.6,23.78,23.2,26.25
Tâm lý học,7310401,D01,26.4,26.07,25.7,26.3,25.9,23.5,22.2,25.0
Tâm lý học,7310401,D14,27.1,26.07,25.8,26.6,25.9,23.5,22.2,
Tâm lý học,7310401,D15,,,,,,,,25.0
Tâm lý học giáo dục,7310403,B00,24.2,25.0,24.4,21.1,,,,
Tâm lý học giáo dục,7310403,B08,,25.0,24.5,21.2,,,,
Tâm lý học giáo dục,7310403,D01,25.9,25.45,24.3,21.2,,,,
Tâm lý học giáo dục,7310403,D04,,,,21.2,,,,
Tâm lý học giáo dục,7310403,D14,26.8,25.55,24.5,,,,,
Tâm lý học giáo dục,73104043,B08,24.2,,,,,,,
Tôn giáo học,7229009,C00,26.8,21.0,22.25,21.7,21.5,,,
Tôn giáo học,7229009,D01,22.8,21.0,21.25,21.4,21.0,,,
Tôn giáo học,7229009,D14,23.6,21.0,21.25,21.4,21.0,,,
Việt Nam học,7310630,C00,27.7,25.9,26.0,24.5,,,,
Việt Nam học,7310630,D01,25.0,25.0,25.5,23.5,,,,
Việt Nam học,7310630,D14,25.5,25.0,25.5,23.5,,,,
Việt Nam học,7310630,D15,25.7,25.0,25.5,23.5,,,,
Văn hoá học,7229040,C00,28.2,26.5,26.5,25.7,25.6,23.0,21.5,24.5
Văn hoá học,7229040,D01,25.8,25.45,24.9,25.6,24.75,23.0,20.5,22.5
Văn hoá học,7229040,D14,26.27,25.45,24.9,25.6,24.75,23.0,20.5,22.5
Văn hoá học,7229040,D15,26.6,25.45,24.9,,,,,
Văn học,7229030,C00,27.7,27.0,26.0,25.8,24.65,21.3,22.4,24.5
Văn học,7229030,D01,25.7,25.73,25.25,25.6,24.15,21.3,21.4,22.5
Văn học,7229030,D14,26.18,25.73,25.25,25.6,24.15,21.3,21.4,22.5
Xã hội học,7310301,A00,24.0,24.5,23.8,25.2,24.0,22.0,19.5,22.25
Xã hội học,7310301,C00,27.95,26.0,25.3,25.6,25.0,22.0,20.5,24.25
Xã hội học,7310301,D01,25.65,25.2,23.8,25.2,24.0,22.0,19.5,22.25
Xã hội học,7310301,D14,26.35,25.2,23.8,25.2,24.0,22.0,19.5,22.25
Đô thị học,7580112,A00,,,,,,,,18.5
Đô thị học,7580112,A01,22.0,21.0,21.0,23.5,22.1,20.2,,18.5
Đô thị học,7580112,C00,26.3,23.9,21.5,23.7,23.1,20.2,,
Đô thị học,7580112,D01,23.5,22.4,20.75,23.5,22.1,20.2,17.0,18.5
Đô thị học,7580112,D14,24.19,22.4,21.0,23.5,22.1,20.2,,18.5
Đông phương học,7310608,D01,24.57,24.97,24.2,25.8,24.65,22.85,21.6,24.0
Đông phương học,7310608,D04,24.3,24.3,24.6,25.6,24.45,22.85,21.6,
Đông phương học,7310608,D14,25.45,24.97,24.6,25.8,24.45,22.85,21.6,24.0
Địa lý học,7310501,A01,22.0,21.0,20.25,24.0,22.25,21.1,20.25,22.75
Địa lý học,7310501,C00,27.32,24.6,20.25,24.5,22.75,21.1,21.25,24.75
Địa lý học,7310501,D01,24.0,22.2,20.25,24.0,22.25,21.1,20.25,22.75
Địa lý học,7310501,D15,25.32,22.5,20.25,24.0,22.25,21.1,20.25,22.75
